domain,title,pitch,symbol,amount_usd
periodictable.lol,PeriodicTable.lol,Put your startup on the table. Literally.,Pt,5
vercel.com,Vercel,Deploy and host the modern web.,H,5
nextjs.org,Next.js,The React framework for the web.,N,5
react.dev,React,The library for web and native user interfaces.,Al,5
typescriptlang.org,TypeScript,JavaScript with syntax for types.,Fe,5
prisma.io,Prisma,Type-safe database access for Node.js and TypeScript.,Zr,5
neon.tech,Neon,Serverless Postgres with branching.,Xe,5
tailwindcss.com,Tailwind CSS,Utility-first CSS for rapid UI development.,W,5
stripe.com,Stripe,Payments infrastructure for the internet.,Pb,5
resend.com,Resend,Email API for developers.,Rn,5
vitest.dev,Vitest,Next-generation testing framework.,Og,5
